success,solve_time,changed_features,timing_breakdown,case_idx,method,epsilon,n_features_changed,cf_cost,reduction_pct,iterations,target_cost,test_idx,factual_cost
true,4.464908123016357,"{""59"":{""counterfactual"":0.0,""original"":3.155082941055298,""delta"":-3.155082941055298},""49"":{""counterfactual"":0.0,""original"":0.750521719455719,""delta"":-0.750521719455719},""56"":{""counterfactual"":0.0,""original"":0.8507667779922485,""delta"":-0.8507667779922485},""62"":{""counterfactual"":0.0,""original"":0.8316455483436584,""delta"":-0.8316455483436584},""116"":{""counterfactual"":0.3362685739994049,""original"":2.261200428009033,""delta"":-1.9249318838119507}}","{""total_cut_generation"":0.0005404949188232422,""total_nn_eval"":0.006241559982299805,""unaccounted_overhead"":0.9344103336334229,""model_build"":3.0995819568634033,""total_milp_solve"":0.4241337776184082,""total"":4.464908123016357,""total_bisection"":0.0,""interior_point_search"":0.0}",1,ecp,159.47955000000002,5,79899.25,20.0,8,79739.77500000001,3,99674.71875
true,0.7502059936523438,"{""59"":{""counterfactual"":0.0,""original"":3.155082941055298,""delta"":-3.155082941055298},""49"":{""counterfactual"":0.0,""original"":0.750521719455719,""delta"":-0.750521719455719},""56"":{""counterfactual"":0.0,""original"":0.8507667779922485,""delta"":-0.8507667779922485},""62"":{""counterfactual"":0.0,""original"":0.8316455483436584,""delta"":-0.8316455483436584},""116"":{""counterfactual"":0.3362728953361511,""original"":2.261200428009033,""delta"":-1.9249274730682373}}","{""total_cut_generation"":0.044632911682128906,""total_nn_eval"":0.007851600646972656,""unaccounted_overhead"":0.011049509048461914,""model_build"":0.002938985824584961,""total_milp_solve"":0.5342400074005127,""total"":0.7502059936523438,""total_bisection"":0.0393373966217041,""interior_point_search"":0.14949297904968262}",1,esh,159.47955000000002,5,79899.25,20.0,10,79739.77500000001,3,99674.71875
true,1.1734559535980225,"{""59"":{""counterfactual"":0.0,""original"":3.155082941055298,""delta"":-3.155082941055298},""49"":{""counterfactual"":0.0,""original"":0.750521719455719,""delta"":-0.750521719455719},""56"":{""counterfactual"":0.0,""original"":0.8507667779922485,""delta"":-0.8507667779922485},""62"":{""counterfactual"":0.0,""original"":0.8316455483436584,""delta"":-0.8316455483436584},""116"":{""counterfactual"":0.336275190114975,""original"":2.261200428009033,""delta"":-1.9249252080917358}}","{""unaccounted_overhead"":0.024259090423583984,""model_build"":0.48269200325012207,""initial_eval"":0.00023293495178222656,""mip_solve"":0.6624088287353516,""result_extraction"":0.003863096237182617,""total"":1.1734559535980225}",1,milp,159.47955000000002,5,79899.2578125,20.0,1,79739.77500000001,3,99674.71875
true,0.5106940269470215,"{""59"":{""counterfactual"":0.0,""original"":3.033877372741699,""delta"":-3.033877372741699},""49"":{""counterfactual"":0.0,""original"":0.6855735182762146,""delta"":-0.6855735182762146},""56"":{""counterfactual"":0.0,""original"":1.0065398216247559,""delta"":-1.0065398216247559},""60"":{""counterfactual"":0.0,""original"":0.9953916668891907,""delta"":-0.9953916668891907},""116"":{""counterfactual"":0.4161425828933716,""original"":1.8975517749786377,""delta"":-1.4814091920852661}}","{""total_cut_generation"":0.0006279945373535156,""total_nn_eval"":0.008077859878540039,""model_build"":0.0029189586639404297,""total_milp_solve"":0.49489903450012207,""total"":0.5106940269470215,""total_bisection"":0.0,""interior_point_search"":0.0}",2,ecp,152.70426250000003,5,76504.828125,20.0,10,76352.13125,4,95440.1640625
true,0.37477612495422363,"{""59"":{""counterfactual"":0.0,""original"":3.033877372741699,""delta"":-3.033877372741699},""49"":{""counterfactual"":0.0,""original"":0.6855735182762146,""delta"":-0.6855735182762146},""56"":{""counterfactual"":0.0,""original"":1.0065398216247559,""delta"":-1.0065398216247559},""60"":{""counterfactual"":0.0,""original"":0.9953916668891907,""delta"":-0.9953916668891907},""116"":{""counterfactual"":0.41614267230033875,""original"":1.8975517749786377,""delta"":-1.4814090728759766}}","{""total_cut_generation"":0.03127312660217285,""total_nn_eval"":0.00587010383605957,""model_build"":0.0029277801513671875,""total_milp_solve"":0.32811999320983887,""total"":0.37477612495422363,""total_bisection"":0.02794027328491211,""interior_point_search"":0.0030281543731689453}",2,esh,152.70426250000003,5,76504.828125,20.0,7,76352.13125,4,95440.1640625
true,0.8222689628601074,"{""59"":{""counterfactual"":0.0,""original"":3.033877372741699,""delta"":-3.033877372741699},""49"":{""counterfactual"":0.0,""original"":0.6855735182762146,""delta"":-0.6855735182762146},""56"":{""counterfactual"":0.0,""original"":1.0065398216247559,""delta"":-1.0065398216247559},""60"":{""counterfactual"":0.0,""original"":0.9953916668891907,""delta"":-0.9953916668891907},""116"":{""counterfactual"":0.41615182161331177,""original"":1.8975517749786377,""delta"":-1.4814000129699707}}","{""unaccounted_overhead"":0.011699914932250977,""model_build"":0.07663822174072266,""initial_eval"":0.00017595291137695312,""mip_solve"":0.7336478233337402,""result_extraction"":0.00010704994201660156,""total"":0.8222689628601074}",2,milp,152.70426250000003,5,76504.8515625,20.0,1,76352.13125,4,95440.1640625
true,0.2628059387207031,"{""59"":{""counterfactual"":0.0,""original"":3.5645623207092285,""delta"":-3.5645623207092285},""49"":{""counterfactual"":0.0,""original"":1.0139704942703247,""delta"":-1.0139704942703247},""42"":{""counterfactual"":0.0,""original"":1.144948959350586,""delta"":-1.144948959350586},""116"":{""counterfactual"":0.17012766003608704,""original"":1.7469756603240967,""delta"":-1.576848030090332}}","{""total_cut_generation"":0.0003161430358886719,""total_nn_eval"":0.003966569900512695,""model_build"":0.003292083740234375,""total_milp_solve"":0.25246596336364746,""total"":0.2628059387207031,""total_bisection"":0.0,""interior_point_search"":0.0}",3,ecp,154.95122500000002,4,77630.5625,20.0,5,77475.6125,12,96844.515625
true,0.28783607482910156,"{""59"":{""counterfactual"":0.0,""original"":3.5645623207092285,""delta"":-3.5645623207092285},""49"":{""counterfactual"":0.0,""original"":1.0139704942703247,""delta"":-1.0139704942703247},""42"":{""counterfactual"":0.0,""original"":1.144948959350586,""delta"":-1.144948959350586},""116"":{""counterfactual"":0.17012964189052582,""original"":1.7469756603240967,""delta"":-1.5768460035324097}}","{""total_cut_generation"":0.016590356826782227,""total_nn_eval"":0.003914833068847656,""model_build"":0.002950906753540039,""total_milp_solve"":0.2585735321044922,""total"":0.28783607482910156,""total_bisection"":0.014595270156860352,""interior_point_search"":0.002995014190673828}",3,esh,154.95122500000002,4,77630.5625,20.0,5,77475.6125,12,96844.515625
true,0.7990460395812988,"{""59"":{""counterfactual"":0.0,""original"":3.5645623207092285,""delta"":-3.5645623207092285},""49"":{""counterfactual"":0.0,""original"":1.0139704942703247,""delta"":-1.0139704942703247},""42"":{""counterfactual"":0.0,""original"":1.144948959350586,""delta"":-1.144948959350586},""116"":{""counterfactual"":0.17013131082057953,""original"":1.7469756603240967,""delta"":-1.576844334602356}}","{""unaccounted_overhead"":0.015579938888549805,""model_build"":0.05950307846069336,""initial_eval"":0.0001690387725830078,""mip_solve"":0.723686933517456,""result_extraction"":0.00010704994201660156,""total"":0.7990460395812988}",3,milp,154.95122500000002,4,77630.5703125,20.0,1,77475.6125,12,96844.515625
true,0.5532269477844238,"{""59"":{""counterfactual"":0.0,""original"":3.155082941055298,""delta"":-3.155082941055298},""49"":{""counterfactual"":0.0,""original"":0.750521719455719,""delta"":-0.750521719455719},""56"":{""counterfactual"":0.0,""original"":0.8507667779922485,""delta"":-0.8507667779922485},""54"":{""counterfactual"":0.0,""original"":1.1432653665542603,""delta"":-1.1432653665542603},""60"":{""counterfactual"":0.0,""original"":0.8790093660354614,""delta"":-0.8790093660354614},""42"":{""counterfactual"":0.0,""original"":0.9119141697883606,""delta"":-0.9119141697883606},""62"":{""counterfactual"":0.0,""original"":0.8316455483436584,""delta"":-0.8316455483436584},""116"":{""counterfactual"":0.09165848046541214,""original"":2.261200428009033,""delta"":-2.169541835784912},""112"":{""counterfactual"":0.0,""original"":0.7118288278579712,""delta"":-0.7118288278579712}}","{""total_cut_generation"":0.0006611347198486328,""total_nn_eval"":0.008779048919677734,""model_build"":0.0029659271240234375,""total_milp_solve"":0.5360729694366455,""total"":0.5532269477844238,""total_bisection"":0.0,""interior_point_search"":0.0}",1,ecp,139.54460625,9,69911.84375,30.0,11,69772.30312499999,3,99674.71875
true,0.719444990158081,"{""59"":{""counterfactual"":0.0,""original"":3.155082941055298,""delta"":-3.155082941055298},""49"":{""counterfactual"":0.0,""original"":0.750521719455719,""delta"":-0.750521719455719},""56"":{""counterfactual"":0.0,""original"":0.8507667779922485,""delta"":-0.8507667779922485},""54"":{""counterfactual"":0.0,""original"":1.1432653665542603,""delta"":-1.1432653665542603},""60"":{""counterfactual"":0.0,""original"":0.8790093660354614,""delta"":-0.8790093660354614},""42"":{""counterfactual"":0.0,""original"":0.9119141697883606,""delta"":-0.9119141697883606},""62"":{""counterfactual"":0.0,""original"":0.8316455483436584,""delta"":-0.8316455483436584},""116"":{""counterfactual"":0.09165708720684052,""original"":2.261200428009033,""delta"":-2.1695432662963867},""112"":{""counterfactual"":0.0,""original"":0.7118288278579712,""delta"":-0.7118288278579712}}","{""total_cut_generation"":0.05545997619628906,""total_nn_eval"":0.009444236755371094,""model_build"":0.0029449462890625,""total_milp_solve"":0.6434831619262695,""total"":0.719444990158081,""total_bisection"":0.04899764060974121,""interior_point_search"":0.003013134002685547}",1,esh,139.54460625,9,69911.84375,30.0,12,69772.30312499999,3,99674.71875
true,1.4196419715881348,"{""59"":{""counterfactual"":0.0,""original"":3.155082941055298,""delta"":-3.155082941055298},""49"":{""counterfactual"":0.0,""original"":0.750521719455719,""delta"":-0.750521719455719},""56"":{""counterfactual"":0.0,""original"":0.8507667779922485,""delta"":-0.8507667779922485},""54"":{""counterfactual"":0.0,""original"":1.1432653665542603,""delta"":-1.1432653665542603},""60"":{""counterfactual"":0.0,""original"":0.8790093660354614,""delta"":-0.8790093660354614},""42"":{""counterfactual"":0.0,""original"":0.9119141697883606,""delta"":-0.9119141697883606},""62"":{""counterfactual"":0.0,""original"":0.8316455483436584,""delta"":-0.8316455483436584},""116"":{""counterfactual"":0.09166049212217331,""original"":2.261200428009033,""delta"":-2.1695399284362793},""112"":{""counterfactual"":0.0,""original"":0.7118288278579712,""delta"":-0.7118288278579712}}","{""unaccounted_overhead"":0.015857934951782227,""model_build"":0.06026005744934082,""initial_eval"":0.00017189979553222656,""mip_solve"":1.34324312210083,""result_extraction"":0.00010895729064941406,""total"":1.4196419715881348}",1,milp,139.54460625,9,69911.8515625,30.0,1,69772.30312499999,3,99674.71875
true,0.29446887969970703,"{""59"":{""counterfactual"":0.0,""original"":3.033877372741699,""delta"":-3.033877372741699},""49"":{""counterfactual"":0.0,""original"":0.6855735182762146,""delta"":-0.6855735182762146},""56"":{""counterfactual"":0.0,""original"":1.0065398216247559,""delta"":-1.0065398216247559},""54"":{""counterfactual"":0.0,""original"":1.000528335571289,""delta"":-1.000528335571289},""60"":{""counterfactual"":0.0,""original"":0.9953916668891907,""delta"":-0.9953916668891907},""62"":{""counterfactual"":0.0,""original"":0.7917627096176147,""delta"":-0.7917627096176147},""80"":{""counterfactual"":0.10393746942281723,""original"":1.6793112754821777,""delta"":-1.5753737688064575},""116"":{""counterfactual"":0.0,""original"":1.8975517749786377,""delta"":-1.8975517749786377}}","{""total_cut_generation"":0.0004627704620361328,""total_nn_eval"":0.005568981170654297,""model_build"":0.0029611587524414062,""total_milp_solve"":0.2811892032623291,""total"":0.29446887969970703,""total_bisection"":0.0,""interior_point_search"":0.0}",2,ecp,133.61622968749998,8,66941.71875,30.0,6,66808.11484375,4,95440.1640625
true,0.4244699478149414,"{""59"":{""counterfactual"":0.0,""original"":3.033877372741699,""delta"":-3.033877372741699},""49"":{""counterfactual"":0.0,""original"":0.6855735182762146,""delta"":-0.6855735182762146},""56"":{""counterfactual"":0.0,""original"":1.0065398216247559,""delta"":-1.0065398216247559},""54"":{""counterfactual"":0.0,""original"":1.000528335571289,""delta"":-1.000528335571289},""60"":{""counterfactual"":0.0,""original"":0.9953916668891907,""delta"":-0.9953916668891907},""62"":{""counterfactual"":0.0,""original"":0.7917627096176147,""delta"":-0.7917627096176147},""80"":{""counterfactual"":0.10393970459699631,""original"":1.6793112754821777,""delta"":-1.5753716230392456},""116"":{""counterfactual"":0.0,""original"":1.8975517749786377,""delta"":-1.8975517749786377}}","{""total_cut_generation"":0.028871536254882812,""total_nn_eval"":0.0061130523681640625,""model_build"":0.003016948699951172,""total_milp_solve"":0.3794989585876465,""total"":0.4244699478149414,""total_bisection"":0.025345563888549805,""interior_point_search"":0.0031201839447021484}",2,esh,133.61622968749998,8,66941.7265625,30.0,7,66808.11484375,4,95440.1640625
true,0.9046828746795654,"{""59"":{""counterfactual"":0.0,""original"":3.033877372741699,""delta"":-3.033877372741699},""49"":{""counterfactual"":0.0,""original"":0.6855735182762146,""delta"":-0.6855735182762146},""56"":{""counterfactual"":0.0,""original"":1.0065398216247559,""delta"":-1.0065398216247559},""54"":{""counterfactual"":0.0,""original"":1.000528335571289,""delta"":-1.000528335571289},""60"":{""counterfactual"":0.0,""original"":0.9953916668891907,""delta"":-0.9953916668891907},""62"":{""counterfactual"":0.0,""original"":0.7917627096176147,""delta"":-0.7917627096176147},""80"":{""counterfactual"":0.1039445698261261,""original"":1.6793112754821777,""delta"":-1.575366735458374},""116"":{""counterfactual"":0.0,""original"":1.8975517749786377,""delta"":-1.8975517749786377}}","{""unaccounted_overhead"":0.07546710968017578,""model_build"":0.059452056884765625,""initial_eval"":0.00019788742065429688,""mip_solve"":0.7694568634033203,""result_extraction"":0.00010895729064941406,""total"":0.9046828746795654}",2,milp,133.61622968749998,8,66941.734375,30.0,1,66808.11484375,4,95440.1640625
true,3.492110013961792,"{""59"":{""counterfactual"":0.0,""original"":3.5645623207092285,""delta"":-3.5645623207092285},""49"":{""counterfactual"":0.0,""original"":1.0139704942703247,""delta"":-1.0139704942703247},""56"":{""counterfactual"":0.0,""original"":0.7209049463272095,""delta"":-0.7209049463272095},""60"":{""counterfactual"":0.0,""original"":0.8107789754867554,""delta"":-0.8107789754867554},""42"":{""counterfactual"":0.0,""original"":1.144948959350586,""delta"":-1.144948959350586},""62"":{""counterfactual"":0.0,""original"":0.7938665151596069,""delta"":-0.7938665151596069},""80"":{""counterfactual"":0.1522684395313263,""original"":1.476452112197876,""delta"":-1.324183702468872},""116"":{""counterfactual"":0.0,""original"":1.7469756603240967,""delta"":-1.7469756603240967}}","{""total_cut_generation"":0.0020754337310791016,""total_nn_eval"":0.025204181671142578,""unaccounted_overhead"":0.014832496643066406,""model_build"":0.002956867218017578,""total_milp_solve"":3.4470410346984863,""total"":3.492110013961792,""total_bisection"":0.0,""interior_point_search"":0.0}",3,ecp,135.582321875,8,67926.7109375,30.0,31,67791.1609375,12,96844.515625
true,4.186057090759277,"{""59"":{""counterfactual"":0.0,""original"":3.5645623207092285,""delta"":-3.5645623207092285},""49"":{""counterfactual"":0.0,""original"":1.0139704942703247,""delta"":-1.0139704942703247},""56"":{""counterfactual"":0.0,""original"":0.7209049463272095,""delta"":-0.7209049463272095},""60"":{""counterfactual"":0.0,""original"":0.8107789754867554,""delta"":-0.8107789754867554},""42"":{""counterfactual"":0.0,""original"":1.144948959350586,""delta"":-1.144948959350586},""62"":{""counterfactual"":0.0,""original"":0.7938665151596069,""delta"":-0.7938665151596069},""80"":{""counterfactual"":0.152284637093544,""original"":1.476452112197876,""delta"":-1.3241674900054932},""116"":{""counterfactual"":0.0,""original"":1.7469756603240967,""delta"":-1.7469756603240967}}","{""total_cut_generation"":0.18909192085266113,""total_nn_eval"":0.37485241889953613,""unaccounted_overhead"":0.017618179321289062,""model_build"":0.0029990673065185547,""total_milp_solve"":3.598329544067383,""total"":4.186057090759277,""total_bisection"":0.1669938564300537,""interior_point_search"":0.0031659603118896484}",3,esh,135.582321875,8,67926.7421875,30.0,33,67791.1609375,12,96844.515625
true,1.0079808235168457,"{""59"":{""counterfactual"":0.0,""original"":3.5645623207092285,""delta"":-3.5645623207092285},""49"":{""counterfactual"":0.0,""original"":1.0139704942703247,""delta"":-1.0139704942703247},""56"":{""counterfactual"":0.0,""original"":0.7209049463272095,""delta"":-0.7209049463272095},""60"":{""counterfactual"":0.0,""original"":0.8107789754867554,""delta"":-0.8107789754867554},""42"":{""counterfactual"":0.0,""original"":1.144948959350586,""delta"":-1.144948959350586},""62"":{""counterfactual"":0.0,""original"":0.7938665151596069,""delta"":-0.7938665151596069},""80"":{""counterfactual"":0.15227337181568146,""original"":1.476452112197876,""delta"":-1.324178695678711},""116"":{""counterfactual"":0.0,""original"":1.7469756603240967,""delta"":-1.7469756603240967}}","{""unaccounted_overhead"":0.011186838150024414,""model_build"":0.050913095474243164,""initial_eval"":0.00016999244689941406,""mip_solve"":0.9455978870391846,""result_extraction"":0.00011301040649414062,""total"":1.0079808235168457}",3,milp,135.582321875,8,67926.71875,30.0,1,67791.1609375,12,96844.515625
true,2.4785029888153076,"{""56"":{""counterfactual"":0.0,""original"":0.8507667779922485,""delta"":-0.8507667779922485},""55"":{""counterfactual"":0.0,""original"":0.6812572479248047,""delta"":-0.6812572479248047},""60"":{""counterfactual"":0.0,""original"":0.8790093660354614,""delta"":-0.8790093660354614},""49"":{""counterfactual"":0.0,""original"":0.750521719455719,""delta"":-0.750521719455719},""80"":{""counterfactual"":0.1975407898426056,""original"":1.6238006353378296,""delta"":-1.4262598752975464},""112"":{""counterfactual"":0.0,""original"":0.7118288278579712,""delta"":-0.7118288278579712},""59"":{""counterfactual"":0.0,""original"":3.155082941055298,""delta"":-3.155082941055298},""15"":{""counterfactual"":0.0,""original"":1.1523611545562744,""delta"":-1.1523611545562744},""54"":{""counterfactual"":0.0,""original"":1.1432653665542603,""delta"":-1.1432653665542603},""18"":{""counterfactual"":0.0,""original"":0.6311798691749573,""delta"":-0.6311798691749573},""42"":{""counterfactual"":0.0,""original"":0.9119141697883606,""delta"":-0.9119141697883606},""62"":{""counterfactual"":0.0,""original"":0.8316455483436584,""delta"":-0.8316455483436584},""116"":{""counterfactual"":0.0,""original"":2.261200428009033,""delta"":-2.261200428009033}}","{""total_cut_generation"":0.0020227432250976562,""total_nn_eval"":0.02506542205810547,""unaccounted_overhead"":0.01340174674987793,""model_build"":0.003017902374267578,""total_milp_solve"":2.434995174407959,""total"":2.4785029888153076,""total_bisection"":0.0,""interior_point_search"":0.0}",1,ecp,119.6096625,13,59924.4375,40.0,30,59804.831249999996,3,99674.71875
true,3.8313260078430176,"{""56"":{""counterfactual"":0.0,""original"":0.8507667779922485,""delta"":-0.8507667779922485},""55"":{""counterfactual"":0.0,""original"":0.6812572479248047,""delta"":-0.6812572479248047},""60"":{""counterfactual"":0.0,""original"":0.8790093660354614,""delta"":-0.8790093660354614},""49"":{""counterfactual"":0.0,""original"":0.750521719455719,""delta"":-0.750521719455719},""80"":{""counterfactual"":0.1975400298833847,""original"":1.6238006353378296,""delta"":-1.4262605905532837},""112"":{""counterfactual"":0.0,""original"":0.7118288278579712,""delta"":-0.7118288278579712},""59"":{""counterfactual"":0.0,""original"":3.155082941055298,""delta"":-3.155082941055298},""15"":{""counterfactual"":0.0,""original"":1.1523611545562744,""delta"":-1.1523611545562744},""54"":{""counterfactual"":0.0,""original"":1.1432653665542603,""delta"":-1.1432653665542603},""18"":{""counterfactual"":0.0,""original"":0.6311798691749573,""delta"":-0.6311798691749573},""42"":{""counterfactual"":0.0,""original"":0.9119141697883606,""delta"":-0.9119141697883606},""62"":{""counterfactual"":0.0,""original"":0.8316455483436584,""delta"":-0.8316455483436584},""116"":{""counterfactual"":0.0,""original"":2.261200428009033,""delta"":-2.261200428009033}}","{""total_cut_generation"":0.21354055404663086,""total_nn_eval"":0.03252696990966797,""unaccounted_overhead"":0.0166471004486084,""model_build"":0.002939939498901367,""total_milp_solve"":3.5625393390655518,""total"":3.8313260078430176,""total_bisection"":0.18937301635742188,""interior_point_search"":0.0031321048736572266}",1,esh,119.6096625,13,59924.4375,40.0,38,59804.831249999996,3,99674.71875
true,0.9386129379272461,"{""56"":{""counterfactual"":0.0,""original"":0.8507667779922485,""delta"":-0.8507667779922485},""55"":{""counterfactual"":0.0,""original"":0.6812572479248047,""delta"":-0.6812572479248047},""60"":{""counterfactual"":0.0,""original"":0.8790093660354614,""delta"":-0.8790093660354614},""49"":{""counterfactual"":0.0,""original"":0.750521719455719,""delta"":-0.750521719455719},""80"":{""counterfactual"":0.1975424587726593,""original"":1.6238006353378296,""delta"":-1.4262582063674927},""112"":{""counterfactual"":0.0,""original"":0.7118288278579712,""delta"":-0.7118288278579712},""59"":{""counterfactual"":0.0,""original"":3.155082941055298,""delta"":-3.155082941055298},""15"":{""counterfactual"":0.0,""original"":1.1523611545562744,""delta"":-1.1523611545562744},""54"":{""counterfactual"":0.0,""original"":1.1432653665542603,""delta"":-1.1432653665542603},""18"":{""counterfactual"":0.0,""original"":0.6311798691749573,""delta"":-0.6311798691749573},""42"":{""counterfactual"":0.0,""original"":0.9119141697883606,""delta"":-0.9119141697883606},""62"":{""counterfactual"":0.0,""original"":0.8316455483436584,""delta"":-0.8316455483436584},""116"":{""counterfactual"":0.0,""original"":2.261200428009033,""delta"":-2.261200428009033}}","{""unaccounted_overhead"":0.011371135711669922,""model_build"":0.0650029182434082,""initial_eval"":0.00017499923706054688,""mip_solve"":0.8619580268859863,""result_extraction"":0.00010585784912109375,""total"":0.9386129379272461}",1,milp,119.6096625,13,59924.4453125,40.0,1,59804.831249999996,3,99674.71875
true,2.0092220306396484,"{""56"":{""counterfactual"":0.0,""original"":1.0065398216247559,""delta"":-1.0065398216247559},""60"":{""counterfactual"":0.0,""original"":0.9953916668891907,""delta"":-0.9953916668891907},""49"":{""counterfactual"":0.0,""original"":0.6855735182762146,""delta"":-0.6855735182762146},""11"":{""counterfactual"":0.0,""original"":0.8383938074111938,""delta"":-0.8383938074111938},""80"":{""counterfactual"":0.0,""original"":1.6793112754821777,""delta"":-1.6793112754821777},""112"":{""counterfactual"":0.0,""original"":0.6570849418640137,""delta"":-0.6570849418640137},""59"":{""counterfactual"":0.0,""original"":3.033877372741699,""delta"":-3.033877372741699},""15"":{""counterfactual"":0.0,""original"":0.7535263299942017,""delta"":-0.7535263299942017},""54"":{""counterfactual"":0.0,""original"":1.000528335571289,""delta"":-1.000528335571289},""18"":{""counterfactual"":0.0,""original"":0.6523281931877136,""delta"":-0.6523281931877136},""42"":{""counterfactual"":0.0,""original"":0.7936751246452332,""delta"":-0.7936751246452332},""62"":{""counterfactual"":0.0,""original"":0.7917627096176147,""delta"":-0.7917627096176147},""116"":{""counterfactual"":0.024393508210778236,""original"":1.8975517749786377,""delta"":-1.8731582164764404}}","{""total_cut_generation"":0.0016627311706542969,""total_nn_eval"":0.019323110580444336,""unaccounted_overhead"":0.011704444885253906,""model_build"":0.0032761096954345703,""total_milp_solve"":1.9732556343078613,""total"":2.0092220306396484,""total_bisection"":0.0,""interior_point_search"":0.0}",2,ecp,114.52819687499999,13,57378.62109375,40.0,23,57264.0984375,4,95440.1640625
true,1.8708648681640625,"{""56"":{""counterfactual"":0.0,""original"":1.0065398216247559,""delta"":-1.0065398216247559},""60"":{""counterfactual"":0.0,""original"":0.9953916668891907,""delta"":-0.9953916668891907},""49"":{""counterfactual"":0.0,""original"":0.6855735182762146,""delta"":-0.6855735182762146},""11"":{""counterfactual"":0.0,""original"":0.8383938074111938,""delta"":-0.8383938074111938},""80"":{""counterfactual"":0.0,""original"":1.6793112754821777,""delta"":-1.6793112754821777},""112"":{""counterfactual"":0.0,""original"":0.6570849418640137,""delta"":-0.6570849418640137},""59"":{""counterfactual"":0.0,""original"":3.033877372741699,""delta"":-3.033877372741699},""15"":{""counterfactual"":0.0,""original"":0.7535263299942017,""delta"":-0.7535263299942017},""54"":{""counterfactual"":0.0,""original"":1.000528335571289,""delta"":-1.000528335571289},""18"":{""counterfactual"":0.0,""original"":0.6523281931877136,""delta"":-0.6523281931877136},""42"":{""counterfactual"":0.0,""original"":0.7936751246452332,""delta"":-0.7936751246452332},""62"":{""counterfactual"":0.0,""original"":0.7917627096176147,""delta"":-0.7917627096176147},""116"":{""counterfactual"":0.02439369261264801,""original"":1.8975517749786377,""delta"":-1.8731580972671509}}","{""total_cut_generation"":0.1247255802154541,""total_nn_eval"":0.01848149299621582,""unaccounted_overhead"":0.01071310043334961,""model_build"":0.0030438899993896484,""total_milp_solve"":1.710641860961914,""total"":1.8708648681640625,""total_bisection"":0.11041069030761719,""interior_point_search"":0.003258943557739258}",2,esh,114.52819687499999,13,57378.625,40.0,22,57264.0984375,4,95440.1640625
true,1.0517618656158447,"{""56"":{""counterfactual"":0.0,""original"":1.0065398216247559,""delta"":-1.0065398216247559},""60"":{""counterfactual"":0.0,""original"":0.9953916668891907,""delta"":-0.9953916668891907},""49"":{""counterfactual"":0.0,""original"":0.6855735182762146,""delta"":-0.6855735182762146},""11"":{""counterfactual"":0.0,""original"":0.8383938074111938,""delta"":-0.8383938074111938},""80"":{""counterfactual"":0.0,""original"":1.6793112754821777,""delta"":-1.6793112754821777},""112"":{""counterfactual"":0.0,""original"":0.6570849418640137,""delta"":-0.6570849418640137},""59"":{""counterfactual"":0.0,""original"":3.033877372741699,""delta"":-3.033877372741699},""15"":{""counterfactual"":0.0,""original"":0.7535263299942017,""delta"":-0.7535263299942017},""54"":{""counterfactual"":0.0,""original"":1.000528335571289,""delta"":-1.000528335571289},""18"":{""counterfactual"":0.0,""original"":0.6523281931877136,""delta"":-0.6523281931877136},""42"":{""counterfactual"":0.0,""original"":0.7936751246452332,""delta"":-0.7936751246452332},""62"":{""counterfactual"":0.0,""original"":0.7917627096176147,""delta"":-0.7917627096176147},""116"":{""counterfactual"":0.02439742162823677,""original"":1.8975517749786377,""delta"":-1.8731544017791748}}","{""unaccounted_overhead"":0.015974998474121094,""model_build"":0.06038689613342285,""initial_eval"":0.00017690658569335938,""mip_solve"":0.9751031398773193,""result_extraction"":0.00011992454528808594,""total"":1.0517618656158447}",2,milp,114.52819687499999,13,57378.640625,40.0,1,57264.0984375,4,95440.1640625
true,3.5656588077545166,"{""56"":{""counterfactual"":0.0,""original"":0.7209049463272095,""delta"":-0.7209049463272095},""55"":{""counterfactual"":0.0,""original"":0.6839758157730103,""delta"":-0.6839758157730103},""60"":{""counterfactual"":0.0,""original"":0.8107789754867554,""delta"":-0.8107789754867554},""49"":{""counterfactual"":0.0,""original"":1.0139704942703247,""delta"":-1.0139704942703247},""80"":{""counterfactual"":0.40161603689193726,""original"":1.476452112197876,""delta"":-1.074836015701294},""112"":{""counterfactual"":0.0,""original"":0.6610670685768127,""delta"":-0.6610670685768127},""59"":{""counterfactual"":0.0,""original"":3.5645623207092285,""delta"":-3.5645623207092285},""15"":{""counterfactual"":0.010756492614746094,""original"":1.0886183977127075,""delta"":-1.0778619050979614},""54"":{""counterfactual"":0.0,""original"":0.8715477585792542,""delta"":-0.8715477585792542},""18"":{""counterfactual"":0.0,""original"":0.764906644821167,""delta"":-0.764906644821167},""42"":{""counterfactual"":0.0,""original"":1.144948959350586,""delta"":-1.144948959350586},""62"":{""counterfactual"":0.0,""original"":0.7938665151596069,""delta"":-0.7938665151596069},""116"":{""counterfactual"":0.0,""original"":1.7469756603240967,""delta"":-1.7469756603240967}}","{""total_cut_generation"":0.0025377273559570312,""total_nn_eval"":0.029897451400756836,""unaccounted_overhead"":0.01707601547241211,""model_build"":0.003161907196044922,""total_milp_solve"":3.5129857063293457,""total"":3.5656588077545166,""total_bisection"":0.0,""interior_point_search"":0.0}",3,ecp,116.21341875,13,58222.921875,40.0,36,58106.709375,12,96844.515625
true,2.8823320865631104,"{""56"":{""counterfactual"":0.0,""original"":0.7209049463272095,""delta"":-0.7209049463272095},""55"":{""counterfactual"":0.0,""original"":0.6839758157730103,""delta"":-0.6839758157730103},""60"":{""counterfactual"":0.0,""original"":0.8107789754867554,""delta"":-0.8107789754867554},""49"":{""counterfactual"":0.0,""original"":1.0139704942703247,""delta"":-1.0139704942703247},""80"":{""counterfactual"":0.40175744891166687,""original"":1.476452112197876,""delta"":-1.0746946334838867},""112"":{""counterfactual"":0.0,""original"":0.6610670685768127,""delta"":-0.6610670685768127},""59"":{""counterfactual"":0.0,""original"":3.5645623207092285,""delta"":-3.5645623207092285},""15"":{""counterfactual"":0.010614939965307713,""original"":1.0886183977127075,""delta"":-1.0780034065246582},""54"":{""counterfactual"":0.0,""original"":0.8715477585792542,""delta"":-0.8715477585792542},""18"":{""counterfactual"":0.0,""original"":0.764906644821167,""delta"":-0.764906644821167},""42"":{""counterfactual"":0.0,""original"":1.144948959350586,""delta"":-1.144948959350586},""62"":{""counterfactual"":0.0,""original"":0.7938665151596069,""delta"":-0.7938665151596069},""116"":{""counterfactual"":0.0,""original"":1.7469756603240967,""delta"":-1.7469756603240967}}","{""total_cut_generation"":0.1831824779510498,""total_nn_eval"":0.028081178665161133,""unaccounted_overhead"":0.014812946319580078,""model_build"":0.0030460357666015625,""total_milp_solve"":2.650087356567383,""total"":2.8823320865631104,""total_bisection"":0.16225910186767578,""interior_point_search"":0.003122091293334961}",3,esh,116.21341875,13,58222.9140625,40.0,33,58106.709375,12,96844.515625
true,1.0354058742523193,"{""56"":{""counterfactual"":0.0,""original"":0.7209049463272095,""delta"":-0.7209049463272095},""55"":{""counterfactual"":0.0,""original"":0.6839758157730103,""delta"":-0.6839758157730103},""60"":{""counterfactual"":0.0,""original"":0.8107789754867554,""delta"":-0.8107789754867554},""49"":{""counterfactual"":0.0,""original"":1.0139704942703247,""delta"":-1.0139704942703247},""80"":{""counterfactual"":0.4016646146774292,""original"":1.476452112197876,""delta"":-1.0747874975204468},""112"":{""counterfactual"":0.0,""original"":0.6610670685768127,""delta"":-0.6610670685768127},""59"":{""counterfactual"":0.0,""original"":3.5645623207092285,""delta"":-3.5645623207092285},""15"":{""counterfactual"":0.010713412426412106,""original"":1.0886183977127075,""delta"":-1.0779049396514893},""54"":{""counterfactual"":0.0,""original"":0.8715477585792542,""delta"":-0.8715477585792542},""18"":{""counterfactual"":0.0,""original"":0.764906644821167,""delta"":-0.764906644821167},""42"":{""counterfactual"":0.0,""original"":1.144948959350586,""delta"":-1.144948959350586},""62"":{""counterfactual"":0.0,""original"":0.7938665151596069,""delta"":-0.7938665151596069},""116"":{""counterfactual"":0.0,""original"":1.7469756603240967,""delta"":-1.7469756603240967}}","{""unaccounted_overhead"":0.015601873397827148,""model_build"":0.06061697006225586,""initial_eval"":0.00021791458129882812,""mip_solve"":0.9587740898132324,""result_extraction"":0.00019502639770507812,""total"":1.0354058742523193}",3,milp,116.21341875,13,58222.9375,40.0,1,58106.709375,12,96844.515625
true,0.4331669807434082,"{""56"":{""counterfactual"":0.0,""original"":0.8507667779922485,""delta"":-0.8507667779922485},""55"":{""counterfactual"":0.0,""original"":0.6812572479248047,""delta"":-0.6812572479248047},""60"":{""counterfactual"":0.0,""original"":0.8790093660354614,""delta"":-0.8790093660354614},""49"":{""counterfactual"":0.0,""original"":0.750521719455719,""delta"":-0.750521719455719},""11"":{""counterfactual"":0.0,""original"":0.5776647329330444,""delta"":-0.5776647329330444},""80"":{""counterfactual"":0.0,""original"":1.6238006353378296,""delta"":-1.6238006353378296},""112"":{""counterfactual"":0.0,""original"":0.7118288278579712,""delta"":-0.7118288278579712},""90"":{""counterfactual"":0.11480753868818283,""original"":2.0463995933532715,""delta"":-1.9315921068191528},""76"":{""counterfactual"":0.0,""original"":0.4846969544887543,""delta"":-0.4846969544887543},""40"":{""counterfactual"":0.0,""original"":0.854862630367279,""delta"":-0.854862630367279},""59"":{""counterfactual"":0.0,""original"":3.155082941055298,""delta"":-3.155082941055298},""15"":{""counterfactual"":0.0,""original"":1.1523611545562744,""delta"":-1.1523611545562744},""54"":{""counterfactual"":0.0,""original"":1.1432653665542603,""delta"":-1.1432653665542603},""18"":{""counterfactual"":0.0,""original"":0.6311798691749573,""delta"":-0.6311798691749573},""42"":{""counterfactual"":0.0,""original"":0.9119141697883606,""delta"":-0.9119141697883606},""62"":{""counterfactual"":0.0,""original"":0.8316455483436584,""delta"":-0.8316455483436584},""116"":{""counterfactual"":0.0,""original"":2.261200428009033,""delta"":-2.261200428009033}}","{""total_cut_generation"":0.0006012916564941406,""total_nn_eval"":0.007546186447143555,""model_build"":0.0033020973205566406,""total_milp_solve"":0.4161872863769531,""total"":0.4331669807434082,""total_bisection"":0.0,""interior_point_search"":0.0}",1,ecp,99.67471875,17,49937.03125,50.0,9,49837.359375,3,99674.71875
true,0.6441779136657715,"{""56"":{""counterfactual"":0.0,""original"":0.8507667779922485,""delta"":-0.8507667779922485},""55"":{""counterfactual"":0.0,""original"":0.6812572479248047,""delta"":-0.6812572479248047},""60"":{""counterfactual"":0.0,""original"":0.8790093660354614,""delta"":-0.8790093660354614},""49"":{""counterfactual"":0.0,""original"":0.750521719455719,""delta"":-0.750521719455719},""11"":{""counterfactual"":0.0,""original"":0.5776647329330444,""delta"":-0.5776647329330444},""80"":{""counterfactual"":0.0,""original"":1.6238006353378296,""delta"":-1.6238006353378296},""112"":{""counterfactual"":0.0,""original"":0.7118288278579712,""delta"":-0.7118288278579712},""90"":{""counterfactual"":0.11480648070573807,""original"":2.0463995933532715,""delta"":-1.9315930604934692},""76"":{""counterfactual"":0.0,""original"":0.4846969544887543,""delta"":-0.4846969544887543},""40"":{""counterfactual"":0.0,""original"":0.854862630367279,""delta"":-0.854862630367279},""59"":{""counterfactual"":0.0,""original"":3.155082941055298,""delta"":-3.155082941055298},""15"":{""counterfactual"":0.0,""original"":1.1523611545562744,""delta"":-1.1523611545562744},""54"":{""counterfactual"":0.0,""original"":1.1432653665542603,""delta"":-1.1432653665542603},""18"":{""counterfactual"":0.0,""original"":0.6311798691749573,""delta"":-0.6311798691749573},""42"":{""counterfactual"":0.0,""original"":0.9119141697883606,""delta"":-0.9119141697883606},""62"":{""counterfactual"":0.0,""original"":0.8316455483436584,""delta"":-0.8316455483436584},""116"":{""counterfactual"":0.0,""original"":2.261200428009033,""delta"":-2.261200428009033}}","{""total_cut_generation"":0.05733084678649902,""total_nn_eval"":0.010291337966918945,""unaccounted_overhead"":0.010968923568725586,""model_build"":0.0029931068420410156,""total_milp_solve"":0.5590357780456543,""total"":0.6441779136657715,""total_bisection"":0.05048084259033203,""interior_point_search"":0.003557920455932617}",1,esh,99.67471875,17,49937.03125,50.0,11,49837.359375,3,99674.71875
true,1.2631700038909912,"{""56"":{""counterfactual"":0.0,""original"":0.8507667779922485,""delta"":-0.8507667779922485},""55"":{""counterfactual"":0.0,""original"":0.6812572479248047,""delta"":-0.6812572479248047},""60"":{""counterfactual"":0.0,""original"":0.8790093660354614,""delta"":-0.8790093660354614},""49"":{""counterfactual"":0.0,""original"":0.750521719455719,""delta"":-0.750521719455719},""11"":{""counterfactual"":0.0,""original"":0.5776647329330444,""delta"":-0.5776647329330444},""80"":{""counterfactual"":0.0,""original"":1.6238006353378296,""delta"":-1.6238006353378296},""112"":{""counterfactual"":0.0,""original"":0.7118288278579712,""delta"":-0.7118288278579712},""90"":{""counterfactual"":0.11481083184480667,""original"":2.0463995933532715,""delta"":-1.9315887689590454},""76"":{""counterfactual"":0.0,""original"":0.4846969544887543,""delta"":-0.4846969544887543},""40"":{""counterfactual"":0.0,""original"":0.854862630367279,""delta"":-0.854862630367279},""59"":{""counterfactual"":0.0,""original"":3.155082941055298,""delta"":-3.155082941055298},""15"":{""counterfactual"":0.0,""original"":1.1523611545562744,""delta"":-1.1523611545562744},""54"":{""counterfactual"":0.0,""original"":1.1432653665542603,""delta"":-1.1432653665542603},""18"":{""counterfactual"":0.0,""original"":0.6311798691749573,""delta"":-0.6311798691749573},""42"":{""counterfactual"":0.0,""original"":0.9119141697883606,""delta"":-0.9119141697883606},""62"":{""counterfactual"":0.0,""original"":0.8316455483436584,""delta"":-0.8316455483436584},""116"":{""counterfactual"":0.0,""original"":2.261200428009033,""delta"":-2.261200428009033}}","{""unaccounted_overhead"":0.010953903198242188,""model_build"":0.0687410831451416,""initial_eval"":0.0001862049102783203,""mip_solve"":1.1831729412078857,""result_extraction"":0.00011587142944335938,""total"":1.2631700038909912}",1,milp,99.67471875,17,49937.0390625,50.0,1,49837.359375,3,99674.71875
true,1.6596598625183105,"{""56"":{""counterfactual"":0.0,""original"":1.0065398216247559,""delta"":-1.0065398216247559},""55"":{""counterfactual"":0.0,""original"":0.6245392560958862,""delta"":-0.6245392560958862},""60"":{""counterfactual"":0.0,""original"":0.9953916668891907,""delta"":-0.9953916668891907},""49"":{""counterfactual"":0.0,""original"":0.6855735182762146,""delta"":-0.6855735182762146},""11"":{""counterfactual"":0.0,""original"":0.8383938074111938,""delta"":-0.8383938074111938},""45"":{""counterfactual"":0.0,""original"":0.6602678298950195,""delta"":-0.6602678298950195},""80"":{""counterfactual"":0.0,""original"":1.6793112754821777,""delta"":-1.6793112754821777},""112"":{""counterfactual"":0.0,""original"":0.6570849418640137,""delta"":-0.6570849418640137},""90"":{""counterfactual"":0.24845583736896515,""original"":1.6484206914901733,""delta"":-1.3999648094177246},""76"":{""counterfactual"":0.0,""original"":0.5524002909660339,""delta"":-0.5524002909660339},""34"":{""counterfactual"":0.0,""original"":0.6291822195053101,""delta"":-0.6291822195053101},""59"":{""counterfactual"":0.0,""original"":3.033877372741699,""delta"":-3.033877372741699},""15"":{""counterfactual"":0.0,""original"":0.7535263299942017,""delta"":-0.7535263299942017},""54"":{""counterfactual"":0.0,""original"":1.000528335571289,""delta"":-1.000528335571289},""18"":{""counterfactual"":0.0,""original"":0.6523281931877136,""delta"":-0.6523281931877136},""42"":{""counterfactual"":0.0,""original"":0.7936751246452332,""delta"":-0.7936751246452332},""62"":{""counterfactual"":0.0,""original"":0.7917627096176147,""delta"":-0.7917627096176147},""116"":{""counterfactual"":0.0,""original"":1.8975517749786377,""delta"":-1.8975517749786377}}","{""total_cut_generation"":0.0015077590942382812,""total_nn_eval"":0.0185239315032959,""unaccounted_overhead"":0.0110931396484375,""model_build"":0.003304004669189453,""total_milp_solve"":1.6252310276031494,""total"":1.6596598625183105,""total_bisection"":0.0,""interior_point_search"":0.0}",2,ecp,95.4401640625,18,47815.51953125,50.0,20,47720.08203125,4,95440.1640625
true,1.160593032836914,"{""56"":{""counterfactual"":0.0,""original"":1.0065398216247559,""delta"":-1.0065398216247559},""55"":{""counterfactual"":0.0,""original"":0.6245392560958862,""delta"":-0.6245392560958862},""60"":{""counterfactual"":0.0,""original"":0.9953916668891907,""delta"":-0.9953916668891907},""49"":{""counterfactual"":0.0,""original"":0.6855735182762146,""delta"":-0.6855735182762146},""11"":{""counterfactual"":0.0,""original"":0.8383938074111938,""delta"":-0.8383938074111938},""45"":{""counterfactual"":0.0,""original"":0.6602678298950195,""delta"":-0.6602678298950195},""80"":{""counterfactual"":0.0,""original"":1.6793112754821777,""delta"":-1.6793112754821777},""112"":{""counterfactual"":0.0,""original"":0.6570849418640137,""delta"":-0.6570849418640137},""90"":{""counterfactual"":0.24845463037490845,""original"":1.6484206914901733,""delta"":-1.3999660015106201},""76"":{""counterfactual"":0.0,""original"":0.5524002909660339,""delta"":-0.5524002909660339},""34"":{""counterfactual"":0.0,""original"":0.6291822195053101,""delta"":-0.6291822195053101},""59"":{""counterfactual"":0.0,""original"":3.033877372741699,""delta"":-3.033877372741699},""15"":{""counterfactual"":0.0,""original"":0.7535263299942017,""delta"":-0.7535263299942017},""54"":{""counterfactual"":0.0,""original"":1.000528335571289,""delta"":-1.000528335571289},""18"":{""counterfactual"":0.0,""original"":0.6523281931877136,""delta"":-0.6523281931877136},""42"":{""counterfactual"":0.0,""original"":0.7936751246452332,""delta"":-0.7936751246452332},""62"":{""counterfactual"":0.0,""original"":0.7917627096176147,""delta"":-0.7917627096176147},""116"":{""counterfactual"":0.0,""original"":1.8975517749786377,""delta"":-1.8975517749786377}}","{""total_cut_generation"":0.09441876411437988,""total_nn_eval"":0.015084028244018555,""model_build"":0.003081798553466797,""total_milp_solve"":1.0361075401306152,""total"":1.160593032836914,""total_bisection"":0.0833437442779541,""interior_point_search"":0.0031461715698242188}",2,esh,95.4401640625,18,47815.515625,50.0,17,47720.08203125,4,95440.1640625
true,1.266118049621582,"{""56"":{""counterfactual"":0.0,""original"":1.0065398216247559,""delta"":-1.0065398216247559},""55"":{""counterfactual"":0.0,""original"":0.6245392560958862,""delta"":-0.6245392560958862},""60"":{""counterfactual"":0.0,""original"":0.9953916668891907,""delta"":-0.9953916668891907},""49"":{""counterfactual"":0.0,""original"":0.6855735182762146,""delta"":-0.6855735182762146},""11"":{""counterfactual"":0.0,""original"":0.8383938074111938,""delta"":-0.8383938074111938},""45"":{""counterfactual"":0.0,""original"":0.6602678298950195,""delta"":-0.6602678298950195},""80"":{""counterfactual"":0.0,""original"":1.6793112754821777,""delta"":-1.6793112754821777},""112"":{""counterfactual"":0.0,""original"":0.6570849418640137,""delta"":-0.6570849418640137},""90"":{""counterfactual"":0.24845728278160095,""original"":1.6484206914901733,""delta"":-1.39996337890625},""76"":{""counterfactual"":0.0,""original"":0.5524002909660339,""delta"":-0.5524002909660339},""34"":{""counterfactual"":0.0,""original"":0.6291822195053101,""delta"":-0.6291822195053101},""59"":{""counterfactual"":0.0,""original"":3.033877372741699,""delta"":-3.033877372741699},""15"":{""counterfactual"":0.0,""original"":0.7535263299942017,""delta"":-0.7535263299942017},""54"":{""counterfactual"":0.0,""original"":1.000528335571289,""delta"":-1.000528335571289},""18"":{""counterfactual"":0.0,""original"":0.6523281931877136,""delta"":-0.6523281931877136},""42"":{""counterfactual"":0.0,""original"":0.7936751246452332,""delta"":-0.7936751246452332},""62"":{""counterfactual"":0.0,""original"":0.7917627096176147,""delta"":-0.7917627096176147},""116"":{""counterfactual"":0.0,""original"":1.8975517749786377,""delta"":-1.8975517749786377}}","{""unaccounted_overhead"":0.014950990676879883,""model_build"":0.06520509719848633,""initial_eval"":0.00019407272338867188,""mip_solve"":1.1855299472808838,""result_extraction"":0.00023794174194335938,""total"":1.266118049621582}",2,milp,95.4401640625,18,47815.5234375,50.0,1,47720.08203125,4,95440.1640625
true,0.4895930290222168,"{""56"":{""counterfactual"":0.0,""original"":0.7209049463272095,""delta"":-0.7209049463272095},""55"":{""counterfactual"":0.0,""original"":0.6839758157730103,""delta"":-0.6839758157730103},""60"":{""counterfactual"":0.0,""original"":0.8107789754867554,""delta"":-0.8107789754867554},""49"":{""counterfactual"":0.0,""original"":1.0139704942703247,""delta"":-1.0139704942703247},""11"":{""counterfactual"":0.0,""original"":0.5846244692802429,""delta"":-0.5846244692802429},""80"":{""counterfactual"":0.0,""original"":1.476452112197876,""delta"":-1.476452112197876},""112"":{""counterfactual"":0.0,""original"":0.6610670685768127,""delta"":-0.6610670685768127},""90"":{""counterfactual"":0.3090483248233795,""original"":1.6074635982513428,""delta"":-1.2984153032302856},""76"":{""counterfactual"":0.0,""original"":0.8306391835212708,""delta"":-0.8306391835212708},""40"":{""counterfactual"":0.0,""original"":0.815880298614502,""delta"":-0.815880298614502},""59"":{""counterfactual"":0.0,""original"":3.5645623207092285,""delta"":-3.5645623207092285},""15"":{""counterfactual"":0.0,""original"":1.0886183977127075,""delta"":-1.0886183977127075},""54"":{""counterfactual"":0.0,""original"":0.8715477585792542,""delta"":-0.8715477585792542},""18"":{""counterfactual"":0.0,""original"":0.764906644821167,""delta"":-0.764906644821167},""42"":{""counterfactual"":0.0,""original"":1.144948959350586,""delta"":-1.144948959350586},""62"":{""counterfactual"":0.0,""original"":0.7938665151596069,""delta"":-0.7938665151596069},""116"":{""counterfactual"":0.0,""original"":1.7469756603240967,""delta"":-1.7469756603240967}}","{""total_cut_generation"":0.0007760524749755859,""total_nn_eval"":0.00992584228515625,""model_build"":0.005173921585083008,""total_milp_solve"":0.4674842357635498,""total"":0.4895930290222168,""total_bisection"":0.0,""interior_point_search"":0.0}",3,ecp,96.844515625,17,48519.1015625,50.0,12,48422.2578125,12,96844.515625
true,0.6802239418029785,"{""56"":{""counterfactual"":0.0,""original"":0.7209049463272095,""delta"":-0.7209049463272095},""55"":{""counterfactual"":0.0,""original"":0.6839758157730103,""delta"":-0.6839758157730103},""60"":{""counterfactual"":0.0,""original"":0.8107789754867554,""delta"":-0.8107789754867554},""49"":{""counterfactual"":0.0,""original"":1.0139704942703247,""delta"":-1.0139704942703247},""11"":{""counterfactual"":0.0,""original"":0.5846244692802429,""delta"":-0.5846244692802429},""80"":{""counterfactual"":0.0,""original"":1.476452112197876,""delta"":-1.476452112197876},""112"":{""counterfactual"":0.0,""original"":0.6610670685768127,""delta"":-0.6610670685768127},""90"":{""counterfactual"":0.30904948711395264,""original"":1.6074635982513428,""delta"":-1.2984141111373901},""76"":{""counterfactual"":0.0,""original"":0.8306391835212708,""delta"":-0.8306391835212708},""40"":{""counterfactual"":0.0,""original"":0.815880298614502,""delta"":-0.815880298614502},""59"":{""counterfactual"":0.0,""original"":3.5645623207092285,""delta"":-3.5645623207092285},""15"":{""counterfactual"":0.0,""original"":1.0886183977127075,""delta"":-1.0886183977127075},""54"":{""counterfactual"":0.0,""original"":0.8715477585792542,""delta"":-0.8715477585792542},""18"":{""counterfactual"":0.0,""original"":0.764906644821167,""delta"":-0.764906644821167},""42"":{""counterfactual"":0.0,""original"":1.144948959350586,""delta"":-1.144948959350586},""62"":{""counterfactual"":0.0,""original"":0.7938665151596069,""delta"":-0.7938665151596069},""116"":{""counterfactual"":0.0,""original"":1.7469756603240967,""delta"":-1.7469756603240967}}","{""total_cut_generation"":0.06238722801208496,""total_nn_eval"":0.010375499725341797,""model_build"":0.002956867218017578,""total_milp_solve"":0.595015287399292,""total"":0.6802239418029785,""total_bisection"":0.054914236068725586,""interior_point_search"":0.003144979476928711}",3,esh,96.844515625,17,48519.1015625,50.0,12,48422.2578125,12,96844.515625
true,1.0936839580535889,"{""56"":{""counterfactual"":0.0,""original"":0.7209049463272095,""delta"":-0.7209049463272095},""55"":{""counterfactual"":0.0,""original"":0.6839758157730103,""delta"":-0.6839758157730103},""60"":{""counterfactual"":0.0,""original"":0.8107789754867554,""delta"":-0.8107789754867554},""49"":{""counterfactual"":0.0,""original"":1.0139704942703247,""delta"":-1.0139704942703247},""11"":{""counterfactual"":0.0,""original"":0.5846244692802429,""delta"":-0.5846244692802429},""80"":{""counterfactual"":0.0,""original"":1.476452112197876,""delta"":-1.476452112197876},""112"":{""counterfactual"":0.0,""original"":0.6610670685768127,""delta"":-0.6610670685768127},""90"":{""counterfactual"":0.30905213952064514,""original"":1.6074635982513428,""delta"":-1.29841148853302},""76"":{""counterfactual"":0.0,""original"":0.8306391835212708,""delta"":-0.8306391835212708},""40"":{""counterfactual"":0.0,""original"":0.815880298614502,""delta"":-0.815880298614502},""59"":{""counterfactual"":0.0,""original"":3.5645623207092285,""delta"":-3.5645623207092285},""15"":{""counterfactual"":0.0,""original"":1.0886183977127075,""delta"":-1.0886183977127075},""54"":{""counterfactual"":0.0,""original"":0.8715477585792542,""delta"":-0.8715477585792542},""18"":{""counterfactual"":0.0,""original"":0.764906644821167,""delta"":-0.764906644821167},""42"":{""counterfactual"":0.0,""original"":1.144948959350586,""delta"":-1.144948959350586},""62"":{""counterfactual"":0.0,""original"":0.7938665151596069,""delta"":-0.7938665151596069},""116"":{""counterfactual"":0.0,""original"":1.7469756603240967,""delta"":-1.7469756603240967}}","{""unaccounted_overhead"":0.015797138214111328,""model_build"":0.05933499336242676,""initial_eval"":0.00021600723266601562,""mip_solve"":1.0182240009307861,""result_extraction"":0.00011181831359863281,""total"":1.0936839580535889}",3,milp,96.844515625,17,48519.109375,50.0,1,48422.2578125,12,96844.515625
true,3.8796050548553467,"{""78"":{""counterfactual"":0.0,""original"":0.8788776993751526,""delta"":-0.8788776993751526},""56"":{""counterfactual"":0.0,""original"":0.8507667779922485,""delta"":-0.8507667779922485},""55"":{""counterfactual"":0.0,""original"":0.6812572479248047,""delta"":-0.6812572479248047},""60"":{""counterfactual"":0.0,""original"":0.8790093660354614,""delta"":-0.8790093660354614},""12"":{""counterfactual"":0.0,""original"":0.5971797108650208,""delta"":-0.5971797108650208},""1"":{""counterfactual"":0.0,""original"":0.5595265626907349,""delta"":-0.5595265626907349},""32"":{""counterfactual"":0.0,""original"":0.607421875,""delta"":-0.607421875},""49"":{""counterfactual"":0.0,""original"":0.750521719455719,""delta"":-0.750521719455719},""11"":{""counterfactual"":0.0,""original"":0.5776647329330444,""delta"":-0.5776647329330444},""45"":{""counterfactual"":0.0,""original"":0.6689158082008362,""delta"":-0.6689158082008362},""80"":{""counterfactual"":0.0,""original"":1.6238006353378296,""delta"":-1.6238006353378296},""106"":{""counterfactual"":0.0,""original"":0.4782863259315491,""delta"":-0.4782863259315491},""112"":{""counterfactual"":0.0,""original"":0.7118288278579712,""delta"":-0.7118288278579712},""90"":{""counterfactual"":0.35397204756736755,""original"":2.0463995933532715,""delta"":-1.6924275159835815},""76"":{""counterfactual"":0.0,""original"":0.4846969544887543,""delta"":-0.4846969544887543},""40"":{""counterfactual"":0.0,""original"":0.854862630367279,""delta"":-0.854862630367279},""34"":{""counterfactual"":0.0,""original"":0.5476588010787964,""delta"":-0.5476588010787964},""59"":{""counterfactual"":0.0,""original"":3.155082941055298,""delta"":-3.155082941055298},""15"":{""counterfactual"":0.0,""original"":1.1523611545562744,""delta"":-1.1523611545562744},""54"":{""counterfactual"":0.0,""original"":1.1432653665542603,""delta"":-1.1432653665542603},""18"":{""counterfactual"":0.0,""original"":0.6311798691749573,""delta"":-0.6311798691749573},""42"":{""counterfactual"":0.0,""original"":0.9119141697883606,""delta"":-0.9119141697883606},""62"":{""counterfactual"":0.0,""original"":0.8316455483436584,""delta"":-0.8316455483436584},""116"":{""counterfactual"":0.0,""original"":2.261200428009033,""delta"":-2.261200428009033}}","{""total_cut_generation"":0.003159046173095703,""total_nn_eval"":0.03786420822143555,""unaccounted_overhead"":0.023288488388061523,""model_build"":0.0031180381774902344,""total_milp_solve"":3.8121752738952637,""total"":3.8796050548553467,""total_bisection"":0.0,""interior_point_search"":0.0}",1,ecp,79.73977500000001,24,39949.625,60.0,40,39869.887500000004,3,99674.71875
true,4.017500877380371,"{""78"":{""counterfactual"":0.0,""original"":0.8788776993751526,""delta"":-0.8788776993751526},""56"":{""counterfactual"":0.0,""original"":0.8507667779922485,""delta"":-0.8507667779922485},""55"":{""counterfactual"":0.0,""original"":0.6812572479248047,""delta"":-0.6812572479248047},""60"":{""counterfactual"":0.0,""original"":0.8790093660354614,""delta"":-0.8790093660354614},""12"":{""counterfactual"":0.0,""original"":0.5971797108650208,""delta"":-0.5971797108650208},""1"":{""counterfactual"":0.0,""original"":0.5595265626907349,""delta"":-0.5595265626907349},""32"":{""counterfactual"":0.0,""original"":0.607421875,""delta"":-0.607421875},""49"":{""counterfactual"":0.0,""original"":0.750521719455719,""delta"":-0.750521719455719},""11"":{""counterfactual"":0.0,""original"":0.5776647329330444,""delta"":-0.5776647329330444},""45"":{""counterfactual"":0.0,""original"":0.6689158082008362,""delta"":-0.6689158082008362},""80"":{""counterfactual"":0.0,""original"":1.6238006353378296,""delta"":-1.6238006353378296},""106"":{""counterfactual"":0.0,""original"":0.4782863259315491,""delta"":-0.4782863259315491},""112"":{""counterfactual"":0.0,""original"":0.7118288278579712,""delta"":-0.7118288278579712},""90"":{""counterfactual"":0.3539712131023407,""original"":2.0463995933532715,""delta"":-1.6924283504486084},""76"":{""counterfactual"":0.0,""original"":0.4846969544887543,""delta"":-0.4846969544887543},""40"":{""counterfactual"":0.0,""original"":0.854862630367279,""delta"":-0.854862630367279},""34"":{""counterfactual"":0.0,""original"":0.5476588010787964,""delta"":-0.5476588010787964},""59"":{""counterfactual"":0.0,""original"":3.155082941055298,""delta"":-3.155082941055298},""15"":{""counterfactual"":0.0,""original"":1.1523611545562744,""delta"":-1.1523611545562744},""54"":{""counterfactual"":0.0,""original"":1.1432653665542603,""delta"":-1.1432653665542603},""18"":{""counterfactual"":0.0,""original"":0.6311798691749573,""delta"":-0.6311798691749573},""42"":{""counterfactual"":0.0,""original"":0.9119141697883606,""delta"":-0.9119141697883606},""62"":{""counterfactual"":0.0,""original"":0.8316455483436584,""delta"":-0.8316455483436584},""116"":{""counterfactual"":0.0,""original"":2.261200428009033,""delta"":-2.261200428009033}}","{""total_cut_generation"":0.23818564414978027,""total_nn_eval"":0.03551054000854492,""unaccounted_overhead"":0.02226543426513672,""model_build"":0.0036208629608154297,""total_milp_solve"":3.7142162322998047,""total"":4.017500877380371,""total_bisection"":0.21036481857299805,""interior_point_search"":0.0037021636962890625}",1,esh,79.73977500000001,24,39949.625,60.0,40,39869.887500000004,3,99674.71875
true,1.201901912689209,"{""78"":{""counterfactual"":0.0,""original"":0.8788776993751526,""delta"":-0.8788776993751526},""56"":{""counterfactual"":0.0,""original"":0.8507667779922485,""delta"":-0.8507667779922485},""55"":{""counterfactual"":0.0,""original"":0.6812572479248047,""delta"":-0.6812572479248047},""60"":{""counterfactual"":0.0,""original"":0.8790093660354614,""delta"":-0.8790093660354614},""12"":{""counterfactual"":0.0,""original"":0.5971797108650208,""delta"":-0.5971797108650208},""1"":{""counterfactual"":0.0,""original"":0.5595265626907349,""delta"":-0.5595265626907349},""32"":{""counterfactual"":0.0,""original"":0.607421875,""delta"":-0.607421875},""49"":{""counterfactual"":0.0,""original"":0.750521719455719,""delta"":-0.750521719455719},""11"":{""counterfactual"":0.0,""original"":0.5776647329330444,""delta"":-0.5776647329330444},""45"":{""counterfactual"":0.0,""original"":0.6689158082008362,""delta"":-0.6689158082008362},""80"":{""counterfactual"":0.0,""original"":1.6238006353378296,""delta"":-1.6238006353378296},""106"":{""counterfactual"":0.0,""original"":0.4782863259315491,""delta"":-0.4782863259315491},""112"":{""counterfactual"":0.0,""original"":0.7118288278579712,""delta"":-0.7118288278579712},""90"":{""counterfactual"":0.3539753556251526,""original"":2.0463995933532715,""delta"":-1.6924242973327637},""76"":{""counterfactual"":0.0,""original"":0.4846969544887543,""delta"":-0.4846969544887543},""40"":{""counterfactual"":0.0,""original"":0.854862630367279,""delta"":-0.854862630367279},""34"":{""counterfactual"":0.0,""original"":0.5476588010787964,""delta"":-0.5476588010787964},""59"":{""counterfactual"":0.0,""original"":3.155082941055298,""delta"":-3.155082941055298},""15"":{""counterfactual"":0.0,""original"":1.1523611545562744,""delta"":-1.1523611545562744},""54"":{""counterfactual"":0.0,""original"":1.1432653665542603,""delta"":-1.1432653665542603},""18"":{""counterfactual"":0.0,""original"":0.6311798691749573,""delta"":-0.6311798691749573},""42"":{""counterfactual"":0.0,""original"":0.9119141697883606,""delta"":-0.9119141697883606},""62"":{""counterfactual"":0.0,""original"":0.8316455483436584,""delta"":-0.8316455483436584},""116"":{""counterfactual"":0.0,""original"":2.261200428009033,""delta"":-2.261200428009033}}","{""unaccounted_overhead"":0.01758098602294922,""model_build"":0.06577801704406738,""initial_eval"":0.00019097328186035156,""mip_solve"":1.118232011795044,""result_extraction"":0.00011992454528808594,""total"":1.201901912689209}",1,milp,79.73977500000001,24,39949.6328125,60.0,1,39869.887500000004,3,99674.71875
false,5.034540891647339,{},"{""total_cut_generation"":0.0038874149322509766,""total_nn_eval"":0.04590272903442383,""unaccounted_overhead"":0.029014110565185547,""model_build"":0.0033562183380126953,""total_milp_solve"":4.952380418777466,""total"":5.034540891647339,""total_bisection"":0.0,""interior_point_search"":0.0}",2,ecp,76.35213125000001,,,60.0,50,38176.065625,4,95440.1640625
false,5.8346168994903564,{},"{""total_cut_generation"":0.3224470615386963,""total_nn_eval"":0.044362783432006836,""unaccounted_overhead"":0.02783370018005371,""model_build"":0.0028870105743408203,""total_milp_solve"":5.434107303619385,""total"":5.8346168994903564,""total_bisection"":0.2855706214904785,""interior_point_search"":0.0029790401458740234}",2,esh,76.35213125000001,,,60.0,50,38176.065625,4,95440.1640625
true,1.4643421173095703,"{""78"":{""counterfactual"":0.0,""original"":0.8412632942199707,""delta"":-0.8412632942199707},""56"":{""counterfactual"":0.0,""original"":1.0065398216247559,""delta"":-1.0065398216247559},""55"":{""counterfactual"":0.0,""original"":0.6245392560958862,""delta"":-0.6245392560958862},""60"":{""counterfactual"":0.0,""original"":0.9953916668891907,""delta"":-0.9953916668891907},""12"":{""counterfactual"":0.0,""original"":0.537731945514679,""delta"":-0.537731945514679},""1"":{""counterfactual"":0.0,""original"":0.42638275027275085,""delta"":-0.42638275027275085},""19"":{""counterfactual"":0.0,""original"":0.5785455703735352,""delta"":-0.5785455703735352},""32"":{""counterfactual"":0.0,""original"":0.557777464389801,""delta"":-0.557777464389801},""49"":{""counterfactual"":0.0,""original"":0.6855735182762146,""delta"":-0.6855735182762146},""92"":{""counterfactual"":0.0,""original"":0.6261627078056335,""delta"":-0.6261627078056335},""11"":{""counterfactual"":0.0,""original"":0.8383938074111938,""delta"":-0.8383938074111938},""45"":{""counterfactual"":0.0,""original"":0.6602678298950195,""delta"":-0.6602678298950195},""80"":{""counterfactual"":0.0,""original"":1.6793112754821777,""delta"":-1.6793112754821777},""112"":{""counterfactual"":0.0,""original"":0.6570849418640137,""delta"":-0.6570849418640137},""90"":{""counterfactual"":0.34765130281448364,""original"":1.6484206914901733,""delta"":-1.300769329071045},""76"":{""counterfactual"":0.0,""original"":0.5524002909660339,""delta"":-0.5524002909660339},""40"":{""counterfactual"":0.0,""original"":0.504608690738678,""delta"":-0.504608690738678},""34"":{""counterfactual"":0.0,""original"":0.6291822195053101,""delta"":-0.6291822195053101},""59"":{""counterfactual"":0.0,""original"":3.033877372741699,""delta"":-3.033877372741699},""15"":{""counterfactual"":0.0,""original"":0.7535263299942017,""delta"":-0.7535263299942017},""54"":{""counterfactual"":0.0,""original"":1.000528335571289,""delta"":-1.000528335571289},""18"":{""counterfactual"":0.0,""original"":0.6523281931877136,""delta"":-0.6523281931877136},""42"":{""counterfactual"":0.0,""original"":0.7936751246452332,""delta"":-0.7936751246452332},""62"":{""counterfactual"":0.0,""original"":0.7917627096176147,""delta"":-0.7917627096176147},""116"":{""counterfactual"":0.0,""original"":1.8975517749786377,""delta"":-1.8975517749786377}}","{""unaccounted_overhead"":0.01933598518371582,""model_build"":0.06543993949890137,""initial_eval"":0.00020194053649902344,""mip_solve"":1.379244089126587,""result_extraction"":0.0001201629638671875,""total"":1.4643421173095703}",2,milp,76.35213125000001,25,38252.4296875,60.0,1,38176.065625,4,95440.1640625
false,5.369572877883911,{},"{""total_cut_generation"":0.0035905838012695312,""total_nn_eval"":0.04575824737548828,""unaccounted_overhead"":0.026327133178710938,""model_build"":0.0030660629272460938,""total_milp_solve"":5.290830850601196,""total"":5.369572877883911,""total_bisection"":0.0,""interior_point_search"":0.0}",3,ecp,77.47561250000001,,,60.0,50,38737.80625,12,96844.515625
false,5.542156219482422,{},"{""total_cut_generation"":0.3068547248840332,""total_nn_eval"":0.04394721984863281,""unaccounted_overhead"":0.026555776596069336,""model_build"":0.0029489994049072266,""total_milp_solve"":5.157834529876709,""total"":5.542156219482422,""total_bisection"":0.2724936008453369,""interior_point_search"":0.0040149688720703125}",3,esh,77.47561250000001,,,60.0,50,38737.80625,12,96844.515625
true,1.8330249786376953,"{""78"":{""counterfactual"":0.0,""original"":0.9145455360412598,""delta"":-0.9145455360412598},""56"":{""counterfactual"":0.0,""original"":0.7209049463272095,""delta"":-0.7209049463272095},""55"":{""counterfactual"":0.0,""original"":0.6839758157730103,""delta"":-0.6839758157730103},""60"":{""counterfactual"":0.0,""original"":0.8107789754867554,""delta"":-0.8107789754867554},""12"":{""counterfactual"":0.0,""original"":0.49964818358421326,""delta"":-0.49964818358421326},""1"":{""counterfactual"":0.0,""original"":0.48435863852500916,""delta"":-0.48435863852500916},""32"":{""counterfactual"":0.0,""original"":0.6273185014724731,""delta"":-0.6273185014724731},""49"":{""counterfactual"":0.0,""original"":1.0139704942703247,""delta"":-1.0139704942703247},""6"":{""counterfactual"":0.0,""original"":0.5979291796684265,""delta"":-0.5979291796684265},""11"":{""counterfactual"":0.0,""original"":0.5846244692802429,""delta"":-0.5846244692802429},""80"":{""counterfactual"":0.0,""original"":1.476452112197876,""delta"":-1.476452112197876},""112"":{""counterfactual"":0.0,""original"":0.6610670685768127,""delta"":-0.6610670685768127},""77"":{""counterfactual"":0.0,""original"":0.789945125579834,""delta"":-0.789945125579834},""90"":{""counterfactual"":0.16818055510520935,""original"":1.6074635982513428,""delta"":-1.439283013343811},""76"":{""counterfactual"":0.0,""original"":0.8306391835212708,""delta"":-0.8306391835212708},""40"":{""counterfactual"":0.0,""original"":0.815880298614502,""delta"":-0.815880298614502},""59"":{""counterfactual"":0.0,""original"":3.5645623207092285,""delta"":-3.5645623207092285},""15"":{""counterfactual"":0.0,""original"":1.0886183977127075,""delta"":-1.0886183977127075},""54"":{""counterfactual"":0.0,""original"":0.8715477585792542,""delta"":-0.8715477585792542},""18"":{""counterfactual"":0.0,""original"":0.764906644821167,""delta"":-0.764906644821167},""42"":{""counterfactual"":0.0,""original"":1.144948959350586,""delta"":-1.144948959350586},""62"":{""counterfactual"":0.0,""original"":0.7938665151596069,""delta"":-0.7938665151596069},""116"":{""counterfactual"":0.0,""original"":1.7469756603240967,""delta"":-1.7469756603240967}}","{""unaccounted_overhead"":0.011294126510620117,""model_build"":0.37108707427978516,""initial_eval"":0.0002288818359375,""mip_solve"":1.4503059387207031,""result_extraction"":0.00010895729064941406,""total"":1.8330249786376953}",3,milp,77.47561250000001,23,38815.28125,60.0,1,38737.80625,12,96844.515625
